,n_thread,time_cctrie,time_hash
0,1,0.294606069,0.080074961
1,2,0.250761026,0.07063087800000001
2,4,0.19638302600000002,0.089209152
3,8,0.169627889,0.15097421
