,n_thread,time_cctrie,time_hash
0,1,2.754521872,0.9011382600000001
1,2,2.342172936,0.6893004110000001
2,4,2.030735713,0.770030235
3,8,1.891375712,1.236899285
