,n_thread,time_cctrie,time_hash
0,1,0.003563389,0.00029235400000000004
1,2,0.002809648,0.000250341
2,4,0.002328761,0.0003233
3,8,0.002122758,0.000477921
